Brand,Name,Location,Rating,Number of Ratings,Price
Quinta do Vesuvio,"Quinta do Vesuvio
Vintage Port 2017","Porto, Portugal",4.3,69 ratings,69.99
Taylor's,"Taylor's
50 Year Old Tawny Port N.V.","Porto, Portugal",4.7,74 ratings,299.99
W. & J. Graham's,"W. & J. Graham's
40 Year Old Tawny Port N.V.","Porto, Portugal",4.6,2279 ratings,199.99
Taylor's,"Taylor's
40 Year Old Tawny Port N.V.","Porto, Portugal",4.6,1573 ratings,229.99
Sandeman,"Sandeman
40 Years Old Tawny Porto N.V.","Porto, Portugal",4.6,901 ratings,174.99
Taylor's,"Taylor's
Vintage Port 1977","Porto, Portugal",4.6,701 ratings,399.99
Quinta do Noval,"Quinta do Noval
Vintage Port 2011","Porto, Portugal",4.6,86 ratings,109.99
Quinta do Vesuvio,"Quinta do Vesuvio
Vintage Port 2009","Porto, Portugal",4.6,76 ratings,99.99
Quinta do Noval,"Quinta do Noval
Vintage Port 2019","Porto, Portugal",4.6,56 ratings,79.94
W. & J. Graham's,"W. & J. Graham's
30 Year Old Tawny Port N.V.","Porto, Portugal",4.5,3435 ratings,129.99
Carpano,"Carpano
Antica Formula Vermouth N.V.","Piemonte, Italy",4.5,2581 ratings,49.99
Penfolds,"Penfolds
Grandfather 20 Year Old Rare Tawny N.V.","Barossa, Australia",4.5,1982 ratings,94.99
Taylor's,"Taylor's
30 Year Old Tawny Port N.V.","Porto, Portugal",4.5,1321 ratings,134.99
Ramos Pinto,"Ramos Pinto
30 Year Old Tawny Port N.V.","Porto, Portugal",4.5,1092 ratings,129.99
Sandeman,"Sandeman
30 Years Old Tawny Porto N.V.","Porto, Portugal",4.5,960 ratings,114.99
W. & J. Graham's,"W. & J. Graham's
Single Harvest Tawny Port 1994","Porto, Portugal",4.5,618 ratings,139.99
Dow's,"Dow's
Vintage Port 1994","Porto, Portugal",4.5,460 ratings,164.99
W. & J. Graham's,"W. & J. Graham's
Vintage Port 2011","Porto, Portugal",4.5,320 ratings,109.99
Dow's,"Dow's
40 Years Old Tawny Port N.V.","Porto, Portugal",4.5,170 ratings,229
Taylor's,"Taylor's
Vintage Port 2016","Porto, Portugal",4.5,145 ratings,104.99
Quinta do Noval,"Quinta do Noval
Vintage Port 2017","Porto, Portugal",4.5,135 ratings,119.99
Niepoort,"Niepoort
Vintage Port 2019","Porto, Portugal",4.5,113 ratings,89.94
Fonseca,"Fonseca
Vintage Port 2017","Porto, Portugal",4.5,96 ratings,109.99
Quinta do Vesuvio,"Quinta do Vesuvio
Vintage Port 2016","Porto, Portugal",4.5,53 ratings,93.99
Quinta do Noval,"Quinta do Noval
Vintage Port 2018","Porto, Portugal",4.5,52 ratings,74.94
Blandy's,"Blandy's
Malmsey Madeira 1981","Madeira, Portugal",4.5,32 ratings,329.99
Quinta do Vesuvio,"Quinta do Vesuvio
Capela da Quinta do Vesuvio Vintage Port 2017","Porto, Portugal",4.5,31 ratings,189.99
W. & J. Graham's,"W. & J. Graham's
20 Year Old Tawny Port N.V.","Porto, Portugal",4.4,12399 ratings,58.99
Ramos Pinto,"Ramos Pinto
Quinta do Bom Retiro 20 Year Old Tawny Porto N.V.","Porto, Portugal",4.4,2946 ratings,84.95
W. & J. Graham's,"W. & J. Graham's
Vintage Port 2000","Porto, Portugal",4.4,809 ratings,114.99
Ferreira,"Ferreira
Dona Antonia 20 Años Old Tawny Porto N.V.","Porto, Portugal",4.4,724 ratings,69.99
Niepoort,"Niepoort
Porto 30 Years Old Tawny N.V.","Porto, Portugal",4.4,429 ratings,129.94
Krohn,"Krohn
Colheita Port 1982","Porto, Portugal",4.4,368 ratings,75.99
Niepoort,"Niepoort
Colheita Port 1997","Porto, Portugal",4.4,347 ratings,74.94
Croft,"Croft
Vintage Port 2011","Porto, Portugal",4.4,294 ratings,83.99
Warre's,"Warre's
Vintage Port 1980","Porto, Portugal",4.4,274 ratings,134.99
Warre's,"Warre's
Vintage Port 1994","Porto, Portugal",4.4,269 ratings,134.99
Alvear,"Alvear
Solera 1830 Pedro Ximénez N.V.","Montilla-Moriles, Spain",4.4,250 ratings,299.97
Taylor's,"Taylor's
Vintage Port 2017","Porto, Portugal",4.4,226 ratings,109.99
Quinta do Vesuvio,"Quinta do Vesuvio
Vintage Port 2007","Porto, Portugal",4.4,155 ratings,84.99
Fonseca,"Fonseca
Vintage Port 2007","Porto, Portugal",4.4,139 ratings,99.99
Cockburn's,"Cockburn's
Vintage Port 2011","Porto, Portugal",4.4,125 ratings,81.99
Quinta do Noval,"Quinta do Noval
Vintage Port 2016","Porto, Portugal",4.4,120 ratings,89.94
Warre's,"Warre's
Vintage Port 2011","Porto, Portugal",4.4,120 ratings,94.99
Dow's,"Dow's
Vintage Port 2016","Porto, Portugal",4.4,94 ratings,89.99
Croft,"Croft
Vintage Port 2016","Porto, Portugal",4.4,93 ratings,79.99
Quinta do Vesuvio,"Quinta do Vesuvio
Vintage Port 2015","Porto, Portugal",4.4,89 ratings,84.99
Warre's,"Warre's
Vintage Port 2007","Porto, Portugal",4.4,78 ratings,83.99
W. & J. Graham's,"W. & J. Graham's
Vintage Port 2017","Porto, Portugal",4.4,69 ratings,124.99
Dow's,"Dow's
Vintage Port 2017","Porto, Portugal",4.4,66 ratings,109.99
Quinta de Roriz,"Quinta de Roriz
Vintage Port 2011","Porto, Portugal",4.4,39 ratings,77.99
Taylor's,"Taylor's
20 Year Old Tawny Port N.V.","Porto, Portugal",4.3,9079 ratings,57.99
Sandeman,"Sandeman
20 Years Old Tawny Porto N.V.","Porto, Portugal",4.3,3486 ratings,59.99
Fonseca,"Fonseca
20 Year Old Tawny Port N.V.","Porto, Portugal",4.3,2510 ratings,62.49
Dow's,"Dow's
20 Years Old Tawny Port N.V.","Porto, Portugal",4.3,2025 ratings,78.99
Quinta do Noval,"Quinta do Noval
20 Year Old Tawny Port N.V.","Porto, Portugal",4.3,1464 ratings,99.99
Giulio Cocchi,"Giulio Cocchi
Cocchi Storico Vermouth di Torino N.V.","Piemonte, Italy",4.3,1071 ratings,26
Kopke,"Kopke
30 Years Old Tawny Port N.V.","Porto, Portugal",4.3,542 ratings,174.99
Dow's,"Dow's
Vintage Port 2000","Porto, Portugal",4.3,322 ratings,139.99
Taylor's,"Taylor's
Vintage Port 2007","Porto, Portugal",4.3,278 ratings,99.99
W. & J. Graham's,"W. & J. Graham's
Vintage Port 2016","Porto, Portugal",4.3,204 ratings,109.99
Fonseca,"Fonseca
Vintage Port 2009","Porto, Portugal",4.3,176 ratings,109.99
Fonseca,"Fonseca
Vintage Port 2003","Porto, Portugal",4.3,173 ratings,104.99
Ramos Pinto,"Ramos Pinto
Vintage Porto 1983","Porto, Portugal",4.3,152 ratings,109.99
Croft,"Croft
Vintage Port 2017","Porto, Portugal",4.3,87 ratings,59.94
Quinta de La Rosa,"Quinta de La Rosa
30 Year Old Tawny Port N.V.","Porto, Portugal",4.3,70 ratings,91.99
Warre's,"Warre's
Vintage Port 2016","Porto, Portugal",4.3,66 ratings,94.99
Dow's,"Dow's
Quinta Senhora da Ribeira Vintage Port 2015","Porto, Portugal",4.3,43 ratings,69.99
Krohn,"Krohn
Quinta do Retiro Novo Vintage Port 2009","Porto, Portugal",4.3,34 ratings,48.94
Warre's,"Warre's
Vintage Port 2017","Porto, Portugal",4.3,33 ratings,124.99
W. & J. Graham's,"W. & J. Graham's
10 Year Old Tawny Port N.V.","Porto, Portugal",4.2,16296 ratings,34.99
Ferreira,"Ferreira
Dona Antonia 10 Años Old Tawny Porto N.V.","Porto, Portugal",4.2,2192 ratings,34.99
Barros,"Barros
20 Years Old Tawny Porto N.V.","Porto, Portugal",4.2,695 ratings,73.99
Broadbent,"Broadbent
Madeira 10 Years Old Malmsey N.V.","Madeira, Portugal",4.2,388 ratings,45.99
Niepoort,"Niepoort
Colheita Port 2007","Porto, Portugal",4.2,246 ratings,44.94
La Quintinye Vermouth Royal,"La Quintinye Vermouth Royal
Vermouth Rouge N.V.","Pineau des Charentes, France",4.2,222 ratings,31.99
Warre's,"Warre's
Vintage Port 2000","Porto, Portugal",4.2,152 ratings,132.99
Rare Wine Co.,"Rare Wine Co.
Baltimore Rainwater (Special Reserve) N.V.","Madeira, Portugal",4.2,119 ratings,57.99
Quinta do Vesuvio,"Quinta do Vesuvio
Vintage Port 2003","Porto, Portugal",4.2,110 ratings,85.99
Quinta do Vesuvio,"Quinta do Vesuvio
Vintage Port 2012","Porto, Portugal",4.2,81 ratings,69.99
Quinta do Vale Meão,"Quinta do Vale Meão
Vintage Port 2015","Porto, Portugal",4.2,78 ratings,49.99
Kopke,"Kopke
Vintage Port 2005","Porto, Portugal",4.2,77 ratings,59.99
Kopke,"Kopke
Colheita Port 2011","Porto, Portugal",4.2,68 ratings,28.99
Sandeman,"Sandeman
Vintage Port 2016","Porto, Portugal",4.2,48 ratings,149.99
Cockburn's,"Cockburn's
Vintage Port 2016","Porto, Portugal",4.2,46 ratings,89.99
Quinta do Infantado,"Quinta do Infantado
Vintage Port 2003","Porto, Portugal",4.2,43 ratings,41.99
Kopke,"Kopke
Vintage Port 2007","Porto, Portugal",4.2,37 ratings,67.99
Ramos Pinto,"Ramos Pinto
Quinta de Ervamoira Vintage Porto 2002","Porto, Portugal",4.2,31 ratings,66.99
Taylor's,"Taylor's
10 Year Old Tawny Port N.V.","Porto, Portugal",4.1,12792 ratings,30.95
Ramos Pinto,"Ramos Pinto
Quinta de Ervamoira 10 Year Old Tawny Port N.V.","Porto, Portugal",4.1,3991 ratings,39.95
Lustau,"Lustau
San Emilio Pedro Ximénez Sherry (Solera Reserva) N.V.","Pedro Ximénez Sherry (PX), Spain",4.1,3151 ratings,28.99
Fonseca,"Fonseca
10 Year Old Tawny Port N.V.","Porto, Portugal",4.1,3138 ratings,34.99
Sandeman,"Sandeman
10 Years Old Tawny Porto N.V.","Porto, Portugal",4.1,3073 ratings,34.95
Blandy's,"Blandy's
10 Year Old Bual Madeira (Medium Rich) N.V.","Bual Madeira, Portugal",4.1,942 ratings,30.99
Dolin,"Dolin
Vermouth de Chambéry Dry N.V.","Savoie, France",4.1,701 ratings,16.99
Cossart Gordon,"Cossart Gordon
10 Years Old Madeira Malmsey Full Rich N.V.","Madeira, Portugal",4.1,636 ratings,33.95
Fonseca,"Fonseca
Late Bottled Vintage Unfiltered Port 2014","Porto, Portugal",4.1,503 ratings,23.95
Fonseca,"Fonseca
Late Bottled Vintage Unfiltered Port 2016","Porto, Portugal",4.1,302 ratings,22.99
Smith Woodhouse,"Smith Woodhouse
Late Bottled Vintage Port 2008","Porto, Portugal",4.1,275 ratings,32.99
Quinta do Noval,"Quinta do Noval
Late Bottled Vintage Unfiltered Port 2016","Porto, Portugal",4.1,262 ratings,28.99
Niepoort,"Niepoort
Colheita Port 2004","Porto, Portugal",4.1,220 ratings,54.95
Martinez Lacuesta,"Martinez Lacuesta
Vermut Rojo N.V.","Rioja, Spain",4.1,168 ratings,28.99
Kopke,"Kopke
Vintage Port 2000","Porto, Portugal",4.1,134 ratings,42.99
Broadbent,"Broadbent
Madeira 10 Years Old Sercial N.V.","Madeira, Portugal",4.1,102 ratings,45.99
Dolin,"Dolin
Vermouth de Chambéry Rouge N.V.","Vin de Savoie, France",4.1,85 ratings,17.99
Broadbent,"Broadbent
Madeira 10 Years Old Boal N.V.","Madeira, Portugal",4.1,80 ratings,45.99
Ramos Pinto,"Ramos Pinto
Vintage Porto 1997","Porto, Portugal",4.1,76 ratings,69.99
Mas Amiel,"Mas Amiel
Vintage Charles Dupuy 2012","Maury, France",4.1,73 ratings,34.99
Contratto,"Contratto
Vermouth Rosso N.V.","Piemonte, Italy",4.1,71 ratings,28.99
Krohn,"Krohn
Vintage Port 2003","Porto, Portugal",4.1,66 ratings,54.94
Warre's,"Warre's
Vintage Port 2003","Porto, Portugal",4.1,61 ratings,74.99
Cockburn's,"Cockburn's
Vintage Port 1994","Porto, Portugal",4.1,58 ratings,99.97
Ramos Pinto,"Ramos Pinto
Vintage Porto 2007","Porto, Portugal",4.1,51 ratings,68.99
Krohn,"Krohn
Quinta do Retiro Novo Vintage Port 2007","Porto, Portugal",4.1,49 ratings,49.94
Quinta da Romaneira,"Quinta da Romaneira
Vintage Port 2007","Porto, Portugal",4.1,48 ratings,59.99
Manuel Acha,"Manuel Acha
Atxa Vermouth Rojo N.V.","País Vasco, Spain",4.1,35 ratings,26.99
Dow's,"Dow's
10 Years Old Tawny Port N.V.","Porto, Portugal",4.0,4594 ratings,40.99
Kopke,"Kopke
10 Years Old Tawny Port N.V.","Porto, Portugal",4.0,4181 ratings,40.99
Quinta do Noval,"Quinta do Noval
10 Year Old Tawny Port N.V.","Porto, Portugal",4.0,4143 ratings,29.99
Lustau,"Lustau
East India Solera Sherry N.V.","Jerez-Xérès-Sherry, Spain",4.0,3143 ratings,26.99
Niepoort,"Niepoort
Porto 10 Years Old Tawny N.V.","Porto, Portugal",4.0,2480 ratings,36.94
Barros,"Barros
10 Years Old Tawny Porto N.V.","Porto, Portugal",4.0,2035 ratings,28.99
Croft,"Croft
Reserve Tawny Porto N.V.","Porto, Portugal",4.0,1193 ratings,19.99
Croft,"Croft
Tawny Port 10 Year Old N.V.","Porto, Portugal",4.0,1176 ratings,27.99
Lustau,"Lustau
Palo Cortado Península Jerez-Xérès-Sherry Seco-Dry N.V.","Jerez-Xérès-Sherry, Spain",4.0,1162 ratings,25.99
W. & J. Graham's,"W. & J. Graham's
Late Bottled Vintage Port 2017","Porto, Portugal",4.0,604 ratings,25.99
Broadbent,"Broadbent
Madeira 10 Years Old Verdelho N.V.","Madeira, Portugal",4.0,240 ratings,45.99
Ramos Pinto,"Ramos Pinto
Late Bottled Vintage Port 2015","Porto, Portugal",4.0,189 ratings,26.99
Quinta da Devesa,"Quinta da Devesa
10 Anos Tawny Port N.V.","Porto, Portugal",4.0,186 ratings,19.99
Niepoort,"Niepoort
Colheita Port 2009","Porto, Portugal",4.0,102 ratings,39.94
Croft,"Croft
Vintage Port 2007","Porto, Portugal",4.0,100 ratings,84.99
Ramos Pinto,"Ramos Pinto
Vintage Porto 2003","Porto, Portugal",4.0,48 ratings,79.99
Quinta de La Rosa,"Quinta de La Rosa
Late Bottled Vintage Port 2017","Porto, Portugal",4.0,43 ratings,25.99
Smith Woodhouse,"Smith Woodhouse
Vintage Port 2016","Porto, Portugal",4.0,26 ratings,69.99
W. & J. Graham's,"W. & J. Graham's
Six Grapes Reserve Port N.V.","Porto, Portugal",3.9,11258 ratings,20.99
Quinta do Noval,"Quinta do Noval
Noval Black Ruby Port N.V.","Porto, Portugal",3.9,2752 ratings,19.99
Lillet,"Lillet
Rosé N.V.","Bordeaux, France",3.9,2057 ratings,29.99
Lillet,"Lillet
Rouge N.V.","Vin de France, France",3.9,1939 ratings,29.99
Sandeman,"Sandeman
Fine Tawny Porto N.V.","Porto, Portugal",3.9,1558 ratings,19.99
Taylor's,"Taylor's
Late Bottled Vintage Port 2016","Porto, Portugal",3.9,1227 ratings,21.99
Blandy's,"Blandy's
5 Year Old Bual Madeira (Medium Rich) N.V.","Bual Madeira, Portugal",3.9,936 ratings,25.99
Sandeman,"Sandeman
Fine Rich Madeira N.V.","Madeira, Portugal",3.9,569 ratings,22.99
Niepoort,"Niepoort
Late Bottled Vintage Port 2017","Porto, Portugal",3.9,483 ratings,22.94
Warre's,"Warre's
Late Bottled Vintage Port 2008","Porto, Portugal",3.9,351 ratings,34.99
Giulio Cocchi,"Giulio Cocchi
Americano Bianco N.V.","Alta Langa, Italy",3.9,257 ratings,27.99
Carpano,"Carpano
Punt e Mes Vermouth N.V.","Piemonte, Italy",3.9,255 ratings,27.99
César Florido,"César Florido
Moscatel Pasas N.V.","Jerez-Xérès-Sherry, Spain",3.9,243 ratings,24.99
Dow's,"Dow's
Boardroom Reserve Tawny Port N.V.","Porto, Portugal",3.9,136 ratings,28.99
Croft,"Croft
Vintage Port 2009","Porto, Portugal",3.9,77 ratings,84.99
Fonseca,"Fonseca
Bin 27 Reserve Port N.V.","Porto, Portugal",3.8,6282 ratings,17.99
Sandeman,"Sandeman
Fine Ruby Port N.V.","Porto, Portugal",3.8,5968 ratings,19.99
Dow's,"Dow's
Fine Tawny Port N.V.","Porto, Portugal",3.8,4526 ratings,14.99
W. & J. Graham's,"W. & J. Graham's
Fine Ruby Port N.V.","Porto, Portugal",3.8,3405 ratings,18.99
Taylor's,"Taylor's
Fine Ruby Port N.V.","Porto, Portugal",3.8,3394 ratings,20.49
Warre's,"Warre's
Warrior Finest Reserve Ruby Port N.V.","Porto, Portugal",3.8,2414 ratings,19.99
Niepoort,"Niepoort
Tawny Port N.V.","Porto, Portugal",3.8,2331 ratings,16.99
Ramos Pinto,"Ramos Pinto
Lágrima White Port N.V.","Porto, Portugal",3.8,1738 ratings,21.99
Dow's,"Dow's
Fine White Port N.V.","Porto, Portugal",3.8,1271 ratings,18.99
Blandy's,"Blandy's
Rainwater Medium Dry Madeira N.V.","Rainwater Madeira, Portugal",3.8,912 ratings,16.99
Valdespino,"Valdespino
Contrabandista Amontillado Blend Medium Dry N.V.","Amontillado Sherry, Spain",3.8,899 ratings,27.95
Dow's,"Dow's
Late Bottled Vintage Port 2016","Porto, Portugal",3.8,504 ratings,22.99
Harveys,"Harveys
Bristol Cream Solera Sherry N.V.","Jerez-Xérès-Sherry, Spain",3.8,470 ratings,18.99
Cockburn's,"Cockburn's
Late Bottled Vintage Port 2012","Porto, Portugal",3.8,370 ratings,21.94
La Guita,"La Guita
En Rama N.V.","Manzanilla, Spain",3.8,252 ratings,20.95
Cantine Pellegrino,"Cantine Pellegrino
Marsala Superiore N.V.","Marsala, Italy",3.8,187 ratings,13.99
Noilly Prat,"Noilly Prat
Vermouth Rouge N.V.","Hérault, France",3.8,112 ratings,10.99
M. Chapoutier,"M. Chapoutier
Banyuls 2014","Banyuls, France",3.8,48 ratings,34.99
Delaforce,"Delaforce
Late Bottled Vintage Port 2013","Porto, Portugal",3.8,25 ratings,18.99
Dow's,"Dow's
Fine Ruby Port N.V.","Porto, Portugal",3.7,3200 ratings,18.99
Cockburn's,"Cockburn's
Fine Ruby Port N.V.","Porto, Portugal",3.7,3167 ratings,14.99
Croft,"Croft
Fine Tawny Port N.V.","Porto, Portugal",3.7,2355 ratings,14.99
Niepoort,"Niepoort
Ruby Port N.V.","Porto, Portugal",3.7,1898 ratings,22.99
Sandeman,"Sandeman
Tawny Porto N.V.","Porto, Portugal",3.7,1756 ratings,14.99
Lustau,"Lustau
Don Nuño Dry Oloroso Sherry (Reserva Solera) N.V.","Oloroso Sherry, Spain",3.7,1578 ratings,24.95
Ramos Pinto,"Ramos Pinto
White Port N.V.","Porto, Portugal",3.7,1090 ratings,17.99
Blandy's,"Blandy's
Malmsey Madeira 1981","Madeira, Portugal",4.5,32 ratings,329.99
Quinta do Vesuvio,"Quinta do Vesuvio
Capela da Quinta do Vesuvio Vintage Port 2017","Porto, Portugal",4.5,31 ratings,189.99
W. & J. Graham's,"W. & J. Graham's
20 Year Old Tawny Port N.V.","Porto, Portugal",4.4,12399 ratings,58.99
Ramos Pinto,"Ramos Pinto
Quinta do Bom Retiro 20 Year Old Tawny Porto N.V.","Porto, Portugal",4.4,2946 ratings,84.95
W. & J. Graham's,"W. & J. Graham's
Vintage Port 2000","Porto, Portugal",4.4,809 ratings,114.99
Ferreira,"Ferreira
Dona Antonia 20 Años Old Tawny Porto N.V.","Porto, Portugal",4.4,724 ratings,69.99
Niepoort,"Niepoort
Porto 30 Years Old Tawny N.V.","Porto, Portugal",4.4,429 ratings,129.94
Krohn,"Krohn
Colheita Port 1982","Porto, Portugal",4.4,368 ratings,75.99
Niepoort,"Niepoort
Colheita Port 1997","Porto, Portugal",4.4,347 ratings,74.94
Croft,"Croft
Vintage Port 2011","Porto, Portugal",4.4,294 ratings,83.99
Warre's,"Warre's
Vintage Port 1980","Porto, Portugal",4.4,274 ratings,134.99
Warre's,"Warre's
Vintage Port 1994","Porto, Portugal",4.4,269 ratings,134.99
Alvear,"Alvear
Solera 1830 Pedro Ximénez N.V.","Montilla-Moriles, Spain",4.4,250 ratings,299.97
Taylor's,"Taylor's
Vintage Port 2017","Porto, Portugal",4.4,226 ratings,109.99
Quinta do Vesuvio,"Quinta do Vesuvio
Vintage Port 2007","Porto, Portugal",4.4,155 ratings,84.99
Fonseca,"Fonseca
Vintage Port 2007","Porto, Portugal",4.4,139 ratings,99.99
Cockburn's,"Cockburn's
Vintage Port 2011","Porto, Portugal",4.4,125 ratings,81.99
Quinta do Noval,"Quinta do Noval
Vintage Port 2016","Porto, Portugal",4.4,120 ratings,89.94
Warre's,"Warre's
Vintage Port 2011","Porto, Portugal",4.4,120 ratings,94.99
Dow's,"Dow's
Vintage Port 2016","Porto, Portugal",4.4,94 ratings,89.99
Croft,"Croft
Vintage Port 2016","Porto, Portugal",4.4,93 ratings,79.99
Quinta do Vesuvio,"Quinta do Vesuvio
Vintage Port 2015","Porto, Portugal",4.4,89 ratings,84.99
Warre's,"Warre's
Vintage Port 2007","Porto, Portugal",4.4,78 ratings,83.99
W. & J. Graham's,"W. & J. Graham's
Vintage Port 2017","Porto, Portugal",4.4,69 ratings,124.99
Dow's,"Dow's
Vintage Port 2017","Porto, Portugal",4.4,66 ratings,109.99
